Rk,Player,Age,Pos,G,MP,FG%,3P%,eFG%,FT%,ORB,DRB,TRB,AST,STL,BLK,TOV,PF,PTS,Player-additional
1,Shai Gilgeous-Alexander,26,PG,64,34.3,.525,.371,.576,.900,0.9,4.2,5.1,6.2,1.8,1.0,2.6,2.3,32.8,gilgesh01
2,Giannis Antetokounmpo,30,PF,53,33.8,.603,.182,.607,.594,2.3,9.8,12.1,5.9,0.8,1.2,3.3,2.4,30.5,antetgi01
3,Nikola Jokić,29,C,60,36.4,.577,.428,.627,.808,2.9,10.0,12.9,10.4,1.8,0.7,3.3,2.3,29.0,jokicni01
4,Luka Dončić,25,PG,35,35.1,.445,.350,.527,.763,0.8,7.6,8.4,7.7,1.9,0.4,3.7,2.6,27.4,doncilu01
5,Anthony Edwards,23,SG,64,36.4,.442,.406,.542,.835,0.8,5.2,6.0,4.6,1.1,0.6,3.3,1.8,27.2,edwaran01
6,Jayson Tatum,26,PF,61,36.6,.456,.354,.545,.807,0.7,8.1,8.8,5.9,1.1,0.5,2.9,2.2,27.2,tatumja01
7,Kevin Durant,36,PF,53,37.1,.529,.413,.597,.830,0.4,5.8,6.2,4.3,0.8,1.3,3.1,1.7,26.8,duranke01
8,Jalen Brunson,28,PG,61,35.4,.490,.384,.552,.825,0.4,2.6,3.0,7.4,1.0,0.1,2.5,2.2,26.3,brunsja01
9,Tyrese Maxey,24,PG,52,37.7,.437,.337,.511,.879,0.3,3.1,3.3,6.1,1.8,0.4,2.4,2.2,26.3,maxeyty01
10,Devin Booker,28,SG,60,37.5,.457,.346,.528,.889,1.0,3.1,4.1,6.8,1.0,0.2,2.8,2.7,25.9,bookede01
11,Cade Cunningham,23,PG,62,35.3,.462,.352,.514,.862,0.8,5.3,6.0,9.3,1.0,0.8,4.5,2.8,25.9,cunnica01
12,Anthony Davis,31,PF,43,34.2,.528,.313,.548,.786,2.9,9.1,12.0,3.4,1.3,2.2,2.2,1.9,25.7,davisan02
13,LaMelo Ball,23,PG,42,32.2,.400,.330,.487,.836,1.0,4.2,5.2,7.1,1.2,0.3,3.5,3.4,25.5,ballla01
14,Damian Lillard,34,PG,55,36.2,.451,.375,.549,.922,0.5,4.2,4.7,7.2,1.2,0.2,2.9,1.7,25.2,lillada01
15,LeBron James,40,SF,58,34.9,.517,.384,.579,.770,1.0,7.2,8.2,8.5,0.9,0.6,3.9,1.5,25.0,jamesle01
16,Kyrie Irving,32,SG,50,36.1,.473,.401,.549,.916,1.2,3.6,4.8,4.6,1.3,0.5,2.2,2.0,24.7,irvinky01
17,Paolo Banchero,22,PF,33,33.9,.447,.325,.497,.705,1.1,6.0,7.0,4.7,0.8,0.7,2.9,2.2,24.6,banchpa01
18,Franz Wagner,23,SF,47,33.7,.468,.304,.513,.854,1.0,4.6,5.6,4.7,1.4,0.4,2.2,2.6,24.6,wagnefr01
19,Stephen Curry,36,PG,57,32.2,.448,.398,.573,.936,0.6,3.8,4.4,6.1,1.1,0.4,2.9,1.4,24.3,curryst01
20,Victor Wembanyama,21,C,46,33.2,.476,.352,.559,.836,1.8,9.2,11.0,3.7,1.1,3.8,3.2,2.3,24.3,wembavi01
21,Donovan Mitchell,28,SG,60,31.3,.451,.384,.544,.819,0.7,3.6,4.3,4.8,1.3,0.2,2.1,2.0,24.2,mitchdo01
22,Karl-Anthony Towns,29,C,58,35.1,.524,.422,.586,.833,3.0,10.1,13.2,3.1,1.0,0.7,2.6,3.5,24.2,townska01
23,Zion Williamson,24,PF,28,28.5,.563,.231,.566,.650,2.6,4.7,7.3,5.3,1.2,0.9,3.0,2.6,24.2,willizi01
24,Cam Thomas,23,SG,25,31.2,.438,.349,.513,.881,0.6,2.7,3.3,3.8,0.6,0.1,2.5,1.8,24.0,thomaca02
25,Trae Young,26,PG,61,36.2,.403,.322,.479,.873,0.5,2.7,3.1,11.5,1.1,0.2,4.8,2.0,24.0,youngtr01
26,Tyler Herro,25,SG,62,35.7,.461,.369,.557,.859,0.4,5.0,5.4,5.7,0.8,0.2,2.6,1.2,23.9,herroty01
27,Joel Embiid,30,C,19,30.2,.444,.299,.481,.882,1.9,6.3,8.2,4.5,0.7,0.9,3.3,2.2,23.8,embiijo01
28,Norman Powell,31,SG,46,33.0,.494,.424,.592,.821,0.4,3.1,3.5,2.2,1.3,0.2,2.0,1.9,23.8,powelno01
29,Zach LaVine,29,SF,58,34.8,.514,.443,.610,.823,0.3,4.3,4.6,4.3,0.9,0.2,2.9,1.4,23.7,lavinza01
30,De'Aaron Fox,27,PG,62,36.1,.463,.310,.514,.827,0.9,3.9,4.8,6.3,1.5,0.4,2.8,2.6,23.5,foxde01
31,Jaylen Brown,28,SF,55,35.4,.460,.316,.509,.759,1.5,4.6,6.1,4.7,1.3,0.3,2.7,2.6,23.0,brownja02
32,Jaren Jackson Jr.,25,C,59,29.4,.497,.365,.555,.772,1.3,4.5,5.8,2.1,1.3,1.6,2.2,3.4,22.7,jacksja02
33,James Harden,35,PG,63,35.1,.392,.341,.482,.870,0.7,5.1,5.8,8.7,1.5,0.6,4.5,2.0,22.3,hardeja01
34,DeMar DeRozan,35,SF,60,35.9,.486,.344,.518,.878,0.6,3.4,4.0,4.1,1.0,0.4,1.4,1.9,22.2,derozde01
35,Brandon Ingram,27,SF,18,33.1,.465,.374,.530,.855,0.9,4.6,5.6,5.2,0.9,0.6,3.8,2.5,22.2,ingrabr01
36,Ja Morant,25,PG,42,29.9,.439,.291,.485,.832,0.6,3.4,4.0,7.5,1.2,0.3,3.8,2.2,21.8,moranja01
37,RJ Barrett,24,SF,51,33.1,.472,.361,.528,.649,1.0,5.5,6.5,5.7,0.8,0.3,3.0,2.5,21.6,barrerj01
38,Trey Murphy III,24,SF,51,35.6,.454,.361,.548,.886,0.9,4.2,5.1,3.6,1.1,0.7,2.0,2.1,21.6,murphtr02
39,Miles Bridges,26,PF,51,32.5,.442,.332,.509,.872,1.1,6.7,7.9,3.8,0.8,0.7,2.1,1.6,21.4,bridgmi02
40,Jamal Murray,27,PG,59,36.3,.472,.394,.541,.886,0.6,3.1,3.8,6.1,1.4,0.5,2.1,1.9,21.4,murraja01
41,Jalen Williams,23,SG,61,32.6,.478,.362,.532,.791,0.9,4.6,5.5,5.3,1.7,0.7,2.2,2.4,21.3,willija06
42,CJ McCollum,33,PG,51,32.8,.448,.381,.535,.734,0.7,3.0,3.7,3.9,0.7,0.5,1.8,2.3,21.2,mccolcj01
43,Jalen Green,22,SG,66,33.2,.425,.356,.508,.832,0.5,3.9,4.5,3.3,0.9,0.3,2.6,1.6,21.1,greenja05
44,Darius Garland,25,PG,61,30.4,.477,.411,.571,.881,0.6,2.0,2.6,6.7,1.2,0.2,2.4,2.0,21.0,garlada01
45,Brandon Miller,22,SF,27,34.2,.403,.355,.509,.861,0.9,3.9,4.9,3.6,1.1,0.7,2.8,2.7,21.0,millebr02
46,Jordan Poole,25,SG,55,30.9,.421,.374,.529,.879,0.5,2.8,3.3,4.7,1.4,0.5,3.2,3.2,21.0,poolejo01
47,Pascal Siakam,30,PF,64,32.9,.524,.401,.581,.747,1.7,5.5,7.2,3.3,0.9,0.5,1.3,2.5,20.8,siakapa01
48,Scottie Barnes,23,PF,51,34.1,.442,.263,.479,.778,1.7,6.2,7.9,6.0,1.5,1.1,2.9,1.9,19.6,barnesc01
49,Domantas Sabonis,28,C,56,35.3,.596,.432,.635,.747,3.9,10.2,14.1,6.2,0.6,0.4,3.0,3.4,19.5,sabondo01
50,Anfernee Simons,25,SG,63,32.8,.430,.369,.526,.908,0.3,2.4,2.8,4.8,0.9,0.1,2.1,1.7,19.3,simonan01
51,Coby White,24,SG,59,33.0,.438,.363,.538,.902,0.3,3.2,3.5,4.5,1.0,0.2,2.3,2.2,19.3,whiteco01
52,Lauri Markkanen,27,PF,44,32.0,.424,.347,.522,.872,1.6,4.5,6.1,1.5,0.8,0.4,1.4,1.7,19.2,markkla01
53,Alperen Şengün,22,C,62,31.5,.502,.247,.513,.693,3.3,7.0,10.3,4.9,1.1,0.8,2.6,2.9,19.2,sengual01
54,John Collins,27,PF,40,30.5,.527,.399,.583,.848,2.2,6.0,8.2,2.0,1.0,1.0,2.6,2.9,19.0,collijo01
55,Jalen Johnson,23,SF,36,35.7,.500,.312,.541,.746,1.7,8.3,10.0,5.0,1.6,1.0,2.9,1.9,18.9,johnsja05
56,Kristaps Porziņģis,29,C,32,28.9,.474,.403,.562,.813,1.6,5.2,6.8,1.9,0.8,1.6,1.2,2.8,18.9,porzikr01
57,Julius Randle,30,PF,54,32.5,.474,.323,.527,.817,2.2,5.0,7.2,4.7,0.7,0.2,2.9,2.5,18.9,randlju01
58,Austin Reaves,26,SG,57,34.4,.440,.363,.533,.870,0.9,3.5,4.4,5.8,1.1,0.3,2.4,2.0,18.9,reaveau01
59,Cameron Johnson,28,PF,50,31.8,.478,.402,.589,.881,0.9,3.3,4.2,3.0,1.0,0.5,1.6,1.9,18.8,johnsca02
60,Nikola Vučević,34,C,58,31.8,.534,.386,.594,.811,2.3,7.9,10.2,3.3,0.8,0.6,1.7,2.4,18.8,vucevni01
61,Desmond Bane,26,SG,54,31.6,.486,.377,.562,.882,0.9,5.3,6.2,5.5,1.2,0.5,2.5,2.4,18.7,banede01
62,Kawhi Leonard,33,SF,23,29.7,.462,.361,.521,.754,1.0,4.2,5.1,2.8,1.3,0.5,2.1,1.5,18.6,leonaka01
63,Evan Mobley,23,PF,58,30.2,.568,.365,.610,.744,2.3,7.0,9.3,3.1,0.8,1.6,2.0,2.0,18.6,mobleev01
64,Tyrese Haliburton,24,PG,60,34.0,.467,.389,.577,.863,0.6,2.9,3.5,8.9,1.5,0.6,1.7,1.3,18.5,halibty01
65,Michael Porter Jr.,26,SF,63,33.7,.506,.401,.598,.745,1.8,5.1,7.0,2.1,0.6,0.4,1.3,1.9,18.3,portemi01
66,Collin Sexton,26,SG,51,28.2,.473,.402,.540,.881,1.1,1.8,2.9,4.3,0.7,0.1,2.6,2.2,18.2,sextoco01
67,De'Andre Hunter,27,SF,49,27.8,.468,.413,.573,.855,0.7,3.3,4.0,1.5,0.7,0.2,1.4,2.3,17.8,huntede01
68,Andrew Wiggins,29,SF,52,30.9,.440,.366,.517,.775,1.6,3.0,4.6,2.5,0.9,0.8,1.5,1.7,17.8,wiggian01
69,Bam Adebayo,27,C,63,34.5,.488,.310,.518,.754,2.5,7.5,10.0,4.4,1.3,0.7,2.1,2.2,17.7,adebaba01
70,Bradley Beal,31,SG,46,32.7,.506,.393,.577,.824,0.7,2.7,3.5,3.7,1.0,0.5,2.0,2.6,17.7,bealbr01
71,Jaden Ivey,22,SG,30,29.9,.460,.409,.536,.733,1.3,2.8,4.1,4.0,0.9,0.4,3.0,2.2,17.6,iveyja01
72,Mikal Bridges,28,SF,65,37.8,.495,.350,.567,.763,0.9,2.3,3.2,3.5,0.9,0.6,1.5,1.5,17.5,bridgmi01
73,Malik Monk,26,SG,54,32.4,.437,.321,.510,.861,0.4,3.4,3.8,5.9,1.0,0.6,2.4,2.6,17.5,monkma01
74,Dejounte Murray,28,PG,31,32.6,.393,.299,.445,.823,0.5,5.9,6.5,7.4,2.0,0.4,3.4,2.0,17.5,murrade01
75,Shaedon Sharpe,21,SG,59,30.5,.449,.318,.517,.800,0.9,3.2,4.1,2.6,0.7,0.2,2.0,1.7,17.5,sharpsh01
76,Immanuel Quickley,25,PG,25,28.4,.425,.380,.521,.854,0.4,3.0,3.4,5.5,0.6,0.1,1.8,1.9,17.2,quickim01
77,Jimmy Butler,35,SF,39,31.0,.508,.295,.530,.833,2.3,3.1,5.4,5.2,1.2,0.3,1.3,0.9,16.9,butleji01
78,Keyonte George,21,PG,53,31.4,.394,.343,.490,.796,0.4,3.4,3.8,5.9,0.7,0.2,2.8,1.7,16.8,georgke01
79,Jonathan Kuminga,22,PF,33,25.8,.464,.342,.510,.640,1.3,3.6,4.9,2.2,0.9,0.5,1.5,1.9,16.8,kuminjo01
80,Derrick White,30,SG,63,33.8,.446,.391,.585,.852,0.9,3.5,4.3,4.4,0.9,1.1,1.6,1.9,16.7,whitede01
81,OG Anunoby,27,PF,59,36.7,.468,.365,.553,.794,1.4,3.4,4.8,2.2,1.4,0.9,1.4,2.3,16.6,anunoog01
82,Jordan Clarkson,32,SG,33,26.5,.405,.366,.491,.805,0.7,2.5,3.2,3.8,0.9,0.2,2.2,1.5,16.5,clarkjo01
83,Malik Beasley,28,SG,67,27.4,.440,.421,.591,.649,0.6,2.2,2.7,1.7,1.0,0.1,1.0,1.6,16.3,beaslma01
84,Paul George,34,PF,41,32.5,.430,.358,.514,.814,0.6,4.8,5.3,4.3,1.8,0.5,2.6,2.5,16.2,georgpa01
85,Bennedict Mathurin,22,SF,58,30.7,.470,.357,.530,.829,1.2,4.2,5.4,1.9,0.6,0.4,1.9,2.3,16.2,mathube01
86,Jalen Suggs,23,PG,35,28.6,.410,.314,.489,.882,0.7,3.4,4.0,3.7,1.5,0.9,2.9,2.8,16.2,suggsja01
87,Ivica Zubac,27,C,64,32.7,.622,,.622,.635,3.7,8.8,12.5,2.5,0.8,1.2,1.6,2.2,16.2,zubaciv01
88,Devin Vassell,24,SG,49,30.6,.435,.348,.516,.785,0.6,3.2,3.8,2.9,1.3,0.5,1.4,1.6,15.9,vassede01
89,Mark Williams,23,C,32,25.8,.591,.000,.591,.785,3.1,6.9,10.0,2.3,0.7,1.3,1.3,2.5,15.7,willima07
90,Myles Turner,28,C,57,30.7,.475,.397,.569,.772,1.2,5.3,6.5,1.6,0.8,1.9,1.8,2.7,15.5,turnemy01
91,Deni Avdija,24,SF,61,29.0,.466,.347,.537,.768,1.3,5.4,6.7,3.6,0.9,0.5,2.6,2.4,15.3,avdijde01
92,Jared McCain,20,SG,23,25.7,.460,.383,.553,.875,0.6,1.9,2.4,2.6,0.7,0.0,1.6,1.6,15.3,mccaija01
93,Christian Braun,23,SG,65,33.4,.565,.383,.617,.824,1.2,3.8,5.1,2.3,1.1,0.5,0.9,2.2,15.2,braunch01
94,Kelly Oubre Jr.,29,SF,60,34.6,.470,.293,.518,.751,1.6,4.5,6.1,1.8,1.5,0.5,1.3,3.0,15.1,oubreke01
95,Chet Holmgren,22,C,21,26.8,.493,.351,.553,.742,1.8,6.8,8.6,1.9,0.8,2.7,1.8,2.1,15.0,holmgch01
96,Naz Reid,25,C,66,28.0,.465,.392,.563,.792,1.1,5.0,6.1,2.2,0.7,1.0,1.3,2.5,14.8,reidna01
97,Kyle Kuzma,29,PF,48,29.6,.423,.288,.474,.628,0.8,5.4,6.2,2.3,0.5,0.2,2.3,1.7,14.7,kuzmaky01
98,Josh Hart,29,SG,62,37.9,.539,.337,.594,.792,2.2,7.6,9.8,5.6,1.4,0.4,2.1,2.6,14.5,hartjo01
99,Klay Thompson,34,SF,59,27.6,.417,.400,.544,.903,0.7,2.8,3.5,2.1,0.8,0.5,1.3,1.2,14.5,thompkl01
100,Deandre Ayton,26,C,40,30.2,.566,.188,.573,.667,3.1,7.1,10.2,1.6,0.8,1.0,1.7,2.2,14.4,aytonde01
101,Gradey Dick,21,SG,54,29.4,.410,.350,.498,.858,0.8,2.8,3.6,1.8,0.9,0.2,1.5,2.2,14.4,dickgr01
102,Jerami Grant,30,PF,47,32.4,.373,.365,.467,.849,0.6,2.9,3.5,2.1,0.9,1.0,1.4,2.3,14.4,grantje01
103,Fred VanVleet,30,PG,47,35.3,.384,.340,.486,.824,0.6,3.2,3.9,5.7,1.7,0.4,1.5,2.4,14.3,vanvlfr01
104,Dyson Daniels,21,SG,61,34.0,.483,.349,.527,.598,1.6,4.0,5.6,4.1,3.0,0.7,1.9,2.5,14.1,daniedy01
105,Tre Mann,23,PG,13,24.5,.435,.400,.509,.905,0.9,2.0,2.9,3.0,0.5,0.3,1.9,1.8,14.1,manntr01
106,Jakob Poeltl,29,C,51,29.9,.614,.000,.614,.681,3.3,6.3,9.6,2.8,1.2,1.2,1.9,3.2,14.1,poeltja01
107,Payton Pritchard,27,PG,65,28.0,.471,.417,.626,.857,1.3,2.4,3.7,3.4,0.8,0.2,0.9,1.5,14.1,pritcpa01
108,Amen Thompson,22,SF,60,32.5,.553,.256,.569,.693,2.8,5.6,8.3,3.6,1.3,1.3,2.1,2.3,14.0,thompam01
109,P.J. Washington,26,PF,47,32.2,.432,.374,.500,.740,1.6,6.5,8.1,2.3,1.2,1.1,1.9,2.4,14.0,washipj01
110,Dillon Brooks,29,SF,62,32.2,.420,.393,.522,.810,1.1,2.7,3.9,1.7,0.8,0.2,1.0,3.4,13.9,brookdi01
111,Tobias Harris,32,PF,63,32.2,.473,.341,.529,.868,1.0,5.1,6.1,2.2,1.0,0.8,1.1,1.9,13.9,harrito02
112,Josh Giddey,22,PG,60,29.7,.462,.376,.530,.789,1.7,6.0,7.7,6.7,1.1,0.6,2.8,1.7,13.8,giddejo01
113,Bobby Portis,29,PF,46,25.2,.463,.364,.517,.821,1.8,6.5,8.3,2.2,0.7,0.5,1.2,1.9,13.7,portibo01
114,Jarrett Allen,26,C,65,28.6,.700,.000,.700,.755,2.7,7.6,10.3,1.9,1.0,1.0,1.2,1.5,13.6,allenja01
115,Dennis Schröder,31,PG,61,27.7,.416,.351,.497,.838,0.3,2.3,2.6,5.2,1.0,0.2,2.0,2.5,13.4,schrode01
116,Stephon Castle,20,PG,63,25.5,.425,.283,.474,.713,1.0,2.2,3.2,3.5,0.9,0.2,1.9,2.0,13.4,castlst01
117,Rui Hachimura,26,PF,50,32.1,.506,.410,.590,.765,1.5,3.8,5.2,1.5,0.8,0.5,0.9,1.8,13.3,hachiru01
118,Aaron Gordon,29,PF,38,26.8,.516,.444,.591,.793,1.6,3.2,4.8,3.0,0.5,0.2,1.2,1.5,13.1,gordoaa01
119,Scoot Henderson,20,PG,59,26.8,.432,.369,.510,.772,0.7,2.3,3.0,5.1,1.1,0.2,2.6,2.8,13.0,hendesc01
120,Moritz Wagner,27,C,30,18.8,.562,.360,.616,.718,1.3,3.6,4.9,1.4,0.8,0.4,1.6,1.8,12.9,wagnemo01
121,Russell Westbrook,36,PG,59,27.8,.465,.336,.524,.640,1.5,3.5,5.0,6.0,1.4,0.5,3.0,2.5,12.9,westbru01
122,D'Angelo Russell,28,PG,51,25.6,.401,.320,.489,.848,0.3,2.5,2.8,5.1,1.0,0.4,1.9,2.0,12.8,russeda01
123,Santi Aldama,24,PF,53,25.0,.487,.375,.576,.700,1.6,5.1,6.7,2.8,0.8,0.5,1.0,1.1,12.7,aldamsa01
124,Malcolm Brogdon,32,PG,24,23.5,.433,.286,.467,.880,0.9,2.9,3.8,4.1,0.5,0.2,1.6,1.3,12.7,brogdma01
125,Brook Lopez,36,C,64,31.7,.492,.371,.587,.844,1.3,3.7,5.0,1.8,0.7,1.9,1.0,2.2,12.7,lopezbr01
126,Jaden McDaniels,24,PF,67,32.5,.479,.335,.542,.833,1.7,4.3,5.9,2.0,1.4,0.8,1.1,2.9,12.6,mcdanja02
127,Onyeka Okongwu,24,C,59,26.5,.571,.299,.599,.732,3.1,5.4,8.4,2.2,0.8,0.9,1.1,2.5,12.6,okongon01
128,Khris Middleton,33,SF,32,23.6,.492,.359,.562,.857,0.3,3.5,3.9,4.3,1.0,0.3,1.7,2.2,12.5,middlkh01
129,Keldon Johnson,25,SF,61,23.6,.487,.329,.547,.761,1.4,3.2,4.5,1.5,0.6,0.2,1.0,1.5,12.5,johnske04
130,Quentin Grimes,24,SG,62,25.2,.478,.391,.579,.760,0.8,3.4,4.1,2.5,0.9,0.3,1.5,1.8,12.4,grimequ01
131,Naji Marshall,27,SF,54,26.2,.497,.279,.545,.848,1.1,3.5,4.6,2.8,1.1,0.1,1.6,1.5,12.4,marshna01
132,Bilal Coulibaly,20,SF,59,33.0,.421,.281,.472,.746,1.5,3.4,5.0,3.4,1.3,0.7,2.1,2.4,12.3,coulibi01
133,Ayo Dosunmu,25,SG,46,30.3,.492,.328,.561,.785,0.6,2.9,3.5,4.5,0.9,0.4,1.5,2.3,12.3,dosunay01
134,Daniel Gafford,26,C,51,21.9,.699,,.699,.699,2.7,4.1,6.9,1.4,0.4,1.9,1.2,2.7,12.3,gaffoda01
135,Keegan Murray,24,PF,62,34.6,.440,.334,.529,.831,2.0,4.7,6.7,1.4,0.8,0.9,0.8,2.5,12.2,murrake02
136,Daeqwon Plowden,26,SG,2,16.5,.800,.750,1.100,1.000,1.5,1.0,2.5,0.0,0.0,0.0,0.5,2.5,12.0,plowdda01
137,Caris LeVert,30,SG,51,25.0,.474,.392,.568,.713,0.6,2.5,3.1,3.4,0.9,0.5,1.2,1.5,11.9,leverca01
138,Ty Jerome,27,SG,60,19.6,.504,.438,.594,.902,0.7,1.9,2.6,3.3,1.2,0.0,1.3,1.5,11.9,jeromty01
139,Alex Sarr,19,C,50,26.9,.391,.314,.456,.629,1.8,4.9,6.7,2.3,0.6,1.6,1.5,2.3,11.9,sarral01
140,Harrison Barnes,32,PF,64,27.5,.506,.432,.614,.778,1.4,2.6,3.9,1.7,0.4,0.2,0.6,0.9,11.8,barneha02
141,Tari Eason,23,PF,44,24.8,.480,.347,.539,.753,2.2,4.1,6.3,1.3,1.8,0.9,1.1,2.5,11.8,easonta01
142,Jabari Smith Jr.,21,PF,44,30.8,.420,.344,.507,.816,1.9,4.7,6.6,1.0,0.3,0.8,1.0,2.3,11.8,smithja05
143,Corey Kispert,25,SF,60,26.5,.452,.366,.559,.852,0.6,2.4,3.0,1.7,0.4,0.2,1.1,1.6,11.7,kispeco01
144,Donte DiVincenzo,28,SG,48,26.5,.413,.394,.562,.786,0.5,3.3,3.8,3.7,1.2,0.2,1.6,1.7,11.6,divindo01
145,Buddy Hield,32,SG,66,23.2,.418,.371,.546,.784,0.6,2.7,3.3,1.8,0.9,0.3,1.2,1.7,11.6,hieldbu01
146,Zaccharie Risacher,19,SF,59,24.4,.438,.346,.513,.709,1.2,2.4,3.6,1.2,0.8,0.5,1.2,1.9,11.6,risacza01
147,Jalen Duren,21,C,64,25.9,.699,,.699,.689,3.5,6.9,10.4,2.5,0.8,1.2,1.8,3.2,11.5,durenja01
148,Walker Kessler,23,C,50,30.4,.725,.333,.728,.536,4.7,7.6,12.3,1.6,0.6,2.5,1.5,2.2,11.5,kesslwa01
149,Terry Rozier,30,PG,57,27.0,.401,.305,.474,.857,0.7,3.1,3.8,2.7,0.6,0.2,1.3,1.3,11.5,roziete01
150,Aaron Wiggins,26,SG,66,22.5,.492,.389,.582,.828,1.1,2.7,3.8,1.6,0.8,0.3,0.9,1.3,11.4,wiggiaa01
151,Jeremy Sochan,21,PF,44,25.2,.548,.338,.579,.680,2.4,4.5,6.8,2.5,0.8,0.5,1.6,2.4,11.3,sochaje01
152,Duncan Robinson,30,SF,62,24.6,.434,.388,.575,.894,0.2,2.1,2.4,2.6,0.5,0.1,1.2,1.9,11.2,robindu01
153,Jonas Valančiūnas,32,C,64,20.1,.545,.250,.552,.865,2.5,5.8,8.3,2.2,0.5,0.6,1.6,2.2,11.1,valanjo01
154,Rudy Gobert,32,C,57,33.0,.654,,.654,.685,3.5,6.9,10.4,1.9,0.7,1.5,1.3,2.4,11.1,goberru01
155,Isaiah Hartenstein,26,C,45,28.2,.573,.000,.573,.674,2.9,8.2,11.1,3.9,0.8,1.0,1.7,3.0,11.1,harteis01
156,Bogdan Bogdanović,32,SG,38,25.7,.399,.319,.497,.865,0.5,2.5,3.0,2.4,0.8,0.2,1.6,2.4,10.9,bogdabo01
157,Jordan Hawkins,22,SG,49,23.3,.379,.338,.477,.831,0.5,2.2,2.7,1.1,0.6,0.4,1.0,0.8,10.9,hawkijo01
158,Jaylen Wells,21,SG,66,26.0,.433,.363,.538,.809,1.1,2.2,3.3,1.7,0.6,0.1,1.0,1.8,10.9,wellsja01
159,Grayson Allen,29,SG,53,24.8,.450,.434,.611,.811,0.5,2.6,3.1,2.2,0.9,0.4,1.1,1.5,10.7,allengr01
160,Brandon Boston Jr.,23,SG,42,23.6,.436,.350,.500,.788,0.7,2.5,3.2,2.2,1.3,0.2,1.2,1.7,10.7,bostobr01
161,Jrue Holiday,34,PG,50,30.3,.438,.337,.532,.900,1.2,3.1,4.3,3.6,1.0,0.4,1.3,1.6,10.7,holidjr01
162,Nikola Jović,21,PF,46,25.1,.456,.371,.560,.828,0.6,3.3,3.9,2.8,0.8,0.3,1.3,1.8,10.7,jovicni01
163,Toumani Camara,24,PF,65,32.7,.453,.364,.541,.745,2.3,3.6,5.9,2.2,1.5,0.6,1.5,3.1,10.6,camarto01
164,Gary Trent Jr.,26,SG,58,24.8,.436,.418,.571,.842,0.3,2.0,2.3,1.1,1.0,0.1,0.6,1.8,10.6,trentga02
165,Guerschon Yabusele,29,C,60,26.5,.501,.388,.597,.743,1.9,3.5,5.4,2.0,0.8,0.4,1.3,2.4,10.5,yabusgu01
166,Tim Hardaway Jr.,32,SG,63,28.2,.401,.359,.522,.826,0.3,2.2,2.5,1.7,0.5,0.1,0.7,1.3,10.4,hardati02
167,Derrick Jones Jr.,27,SF,61,24.8,.526,.368,.591,.703,1.3,2.2,3.5,0.8,1.1,0.4,0.9,2.0,10.4,jonesde02
168,Aaron Nesmith,25,SF,29,24.1,.484,.383,.583,.911,0.7,3.0,3.7,1.4,0.7,0.4,0.8,2.5,10.4,nesmiaa01
169,Grant Williams,26,PF,16,29.9,.439,.365,.549,.838,1.1,4.0,5.1,2.3,1.1,0.8,1.8,2.9,10.4,willigr01
170,Spencer Dinwiddie,31,PG,65,25.7,.409,.336,.492,.813,0.2,2.2,2.4,3.8,0.8,0.2,1.2,1.5,10.3,dinwisp01
171,Herbert Jones,26,SF,20,32.4,.436,.306,.500,.825,1.1,2.8,3.9,3.3,1.9,0.5,1.8,3.3,10.3,joneshe01
172,Tyus Jones,28,PG,65,28.2,.443,.413,.561,.885,0.5,2.0,2.4,5.8,0.9,0.1,1.3,0.9,10.3,jonesty01
173,De'Anthony Melton,26,SG,6,20.2,.407,.371,.528,.625,1.0,2.3,3.3,2.8,1.2,0.3,1.7,3.0,10.3,meltode01
174,Andrew Nembhard,25,SG,48,28.8,.471,.311,.519,.794,0.5,2.6,3.2,5.1,1.4,0.2,1.8,2.4,10.3,nembhan01
175,Nic Claxton,25,C,58,27.2,.549,.063,.551,.530,2.2,5.2,7.4,2.3,0.9,1.5,1.2,2.2,10.2,claxtni01
176,Amir Coffey,27,SG,64,25.6,.476,.413,.576,.908,0.5,1.9,2.3,1.1,0.6,0.1,0.7,1.8,10.2,coffeam01
177,Brandin Podziemski,21,SG,50,25.4,.427,.319,.503,.757,1.0,3.8,4.9,3.4,1.1,0.2,1.1,1.5,10.1,podzibr01
178,Ochai Agbaji,24,SG,54,27.0,.505,.399,.600,.667,0.9,2.8,3.7,1.5,0.8,0.5,0.8,1.9,10.0,agbajoc01
179,Chris Boucher,32,PF,50,17.2,.492,.363,.586,.782,1.4,3.1,4.5,0.7,0.5,0.5,0.6,1.4,10.0,bouchch01
180,N'Faly Dante,23,C,1,19.0,.667,,.667,.667,4.0,5.0,9.0,1.0,0.0,2.0,1.0,4.0,10.0,nfalyda01
181,Luguentz Dort,25,SF,61,29.2,.424,.398,.561,.750,1.4,2.8,4.1,1.6,1.1,0.6,0.7,3.0,9.9,dortlu01
182,Moses Moody,22,SG,58,21.2,.447,.390,.564,.782,0.7,1.8,2.5,1.2,0.6,0.4,0.7,1.5,9.9,moodymo01
183,Brice Sensabaugh,21,SF,55,18.7,.449,.392,.567,.920,0.6,2.1,2.7,1.4,0.5,0.1,1.4,1.4,9.9,sensabr01
184,Obi Toppin,26,PF,61,19.0,.532,.338,.614,.805,0.7,3.2,3.9,1.5,0.6,0.3,0.8,1.4,9.9,toppiob01
185,Ziaire Williams,23,SF,52,24.4,.408,.331,.500,.829,1.1,3.7,4.8,1.4,1.0,0.4,1.0,2.5,9.9,willizi02
186,Georges Niang,31,PF,64,21.9,.468,.402,.598,.792,0.7,3.2,3.9,1.5,0.4,0.2,0.9,2.6,9.8,niangge01
187,Jose Alvarado,26,PG,43,23.7,.408,.385,.528,.816,0.5,1.9,2.4,4.6,1.4,0.3,1.1,1.7,9.8,alvarjo01
188,Keon Johnson,22,SG,64,23.8,.373,.293,.448,.774,0.8,2.8,3.7,2.0,1.0,0.4,1.3,2.5,9.8,johnske07
189,Cole Anthony,24,PG,60,18.8,.424,.349,.491,.817,0.7,2.4,3.1,2.9,0.7,0.5,1.6,2.4,9.7,anthoco01
190,Luke Kennard,28,SG,51,22.5,.489,.464,.632,.885,0.6,2.2,2.8,3.4,0.7,0.1,1.1,0.9,9.7,kennalu01
191,Max Christie,21,SG,63,27.0,.434,.374,.537,.853,0.5,2.5,3.0,2.0,0.8,0.4,1.0,1.6,9.5,chrisma02
192,Nick Richards,27,C,46,22.1,.598,.000,.598,.729,2.5,6.1,8.6,1.0,0.2,1.0,1.4,2.5,9.5,richani01
193,Julian Champagnie,23,SF,64,23.2,.416,.357,.545,.906,0.8,3.0,3.8,1.3,0.8,0.4,0.9,1.3,9.5,champju02
194,Noah Clowney,20,PF,40,22.8,.376,.351,.500,.841,1.0,2.9,3.9,0.8,0.5,0.5,1.0,2.2,9.5,clownno01
195,Dante Exum,29,PG,17,19.8,.484,.447,.570,.742,0.2,1.5,1.8,2.9,0.7,0.2,1.1,1.8,9.5,exumda01
196,T.J. McConnell,32,PG,61,17.9,.523,.310,.536,.746,0.5,1.9,2.4,4.5,1.2,0.3,1.4,1.0,9.5,mccontj01
197,Ausar Thompson,22,SF,45,21.6,.550,.229,.562,.596,1.8,3.1,5.0,2.2,1.8,0.5,1.4,2.8,9.5,thompau01
198,Marcus Smart,30,PG,28,20.6,.394,.341,.489,.797,0.6,1.6,2.2,3.5,1.1,0.3,1.7,1.8,9.4,smartma01
199,Kevin Porter Jr.,24,SG,59,18.8,.440,.285,.477,.712,0.5,2.8,3.4,3.2,1.0,0.2,1.9,1.5,9.4,porteke02
200,Tosan Evbuomwan,23,SF,21,23.9,.433,.291,.482,.755,1.2,2.9,4.0,1.6,0.8,0.3,1.5,1.9,9.4,evbuoto01
201,Isaiah Joe,25,SG,59,20.6,.427,.396,.583,.775,0.5,2.0,2.5,1.5,0.7,0.2,0.5,1.7,9.4,joeis01
202,Svi Mykhailiuk,27,SF,27,19.9,.388,.340,.504,.792,0.6,1.9,2.4,1.9,0.6,0.2,1.5,1.2,9.4,mykhasv01
203,Royce O'Neale,31,SF,60,25.4,.431,.415,.588,.731,0.8,4.0,4.8,2.2,1.0,0.5,0.9,2.0,9.4,onealro01
204,Julian Strawther,22,SG,61,22.1,.434,.357,.534,.829,0.3,1.9,2.2,1.3,0.6,0.2,0.9,2.4,9.4,strawju01
205,Nickeil Alexander-Walker,26,SG,67,25.3,.442,.399,.563,.759,0.6,2.5,3.1,2.5,0.6,0.4,1.2,1.7,9.3,alexani01
206,Bub Carrington,19,PG,65,29.3,.403,.344,.499,.841,0.4,3.5,4.0,4.0,0.7,0.2,1.6,2.4,9.3,carrica01
207,Zach Edey,22,C,51,20.9,.577,.364,.601,.692,3.5,4.4,7.8,0.9,0.6,1.2,1.3,2.6,9.2,edeyza01
208,Draymond Green,34,PF,52,28.8,.432,.341,.510,.680,1.1,5.0,6.1,5.8,1.4,1.0,2.5,3.1,9.2,greendr01
209,Dalton Knecht,23,SF,61,20.4,.467,.365,.580,.761,0.5,2.5,3.0,0.9,0.4,0.1,0.5,1.3,9.2,knechda01
210,Miles McBride,24,PG,55,24.3,.411,.371,.518,.817,0.7,1.7,2.5,2.7,1.0,0.3,0.7,1.5,9.2,mcbrimi01
211,Dereck Lively II,20,C,32,24.0,.701,,.701,.638,3.1,4.8,7.8,2.6,0.5,1.7,1.2,2.9,9.1,livelde01
212,Scotty Pippen Jr.,24,PG,65,20.2,.471,.360,.538,.706,0.8,2.4,3.2,4.2,1.3,0.4,1.7,2.5,9.1,pippesc02
213,Jalen Wilson,24,PF,65,25.9,.396,.317,.486,.833,1.0,2.3,3.3,1.8,0.5,0.0,1.1,2.2,9.1,wilsoja03
214,Killian Hayes,23,PG,6,27.0,.419,.381,.512,.833,0.8,2.2,3.0,5.2,0.7,0.7,1.5,2.2,9.0,hayeski01
215,Max Strus,28,SF,36,25.1,.415,.376,.567,.900,1.0,3.4,4.3,3.1,0.6,0.3,1.0,2.1,9.0,strusma01
216,Cam Whitmore,20,SF,43,16.4,.416,.323,.490,.738,0.7,2.3,3.0,0.9,0.7,0.3,0.9,1.0,9.0,whitmca01
217,Patrick Williams,23,PF,47,25.9,.377,.349,.469,.746,0.7,3.2,4.0,2.0,0.7,0.6,1.3,1.3,9.0,willipa01
218,Anthony Black,21,PG,63,23.8,.413,.306,.461,.746,0.6,2.1,2.7,3.1,1.0,0.5,1.7,2.1,8.9,blackan01
219,Clint Capela,30,C,55,21.4,.559,.000,.559,.536,3.2,5.4,8.5,1.1,0.6,1.0,0.9,1.9,8.9,capelca01
220,Wendell Carter Jr.,25,C,54,25.7,.455,.210,.488,.738,2.1,5.3,7.4,2.2,0.8,0.5,1.1,2.9,8.9,cartewe01
221,Chris Paul,39,PG,64,28.5,.419,.375,.542,.939,0.4,3.2,3.6,7.9,1.3,0.2,1.5,1.8,8.9,paulch01
222,A.J. Lawson,24,SG,11,16.7,.395,.375,.506,.625,0.8,1.9,2.7,0.7,0.3,0.2,0.5,1.7,8.8,lawsoaj01
223,Yves Missi,20,C,63,27.0,.543,.000,.543,.636,3.5,4.5,8.0,1.3,0.6,1.3,1.2,2.1,8.8,missiyv01
224,Nick Smith Jr.,20,SG,46,21.9,.382,.305,.465,.917,0.2,1.8,2.0,2.0,0.3,0.1,1.3,1.3,8.8,smithni01
225,Trendon Watford,24,PF,29,18.2,.442,.298,.483,.797,0.8,2.6,3.4,2.2,0.7,0.2,1.7,2.2,8.8,watfotr01
226,Kevin Huerter,26,SG,55,22.1,.400,.315,.505,.721,0.5,2.4,2.9,1.8,0.9,0.3,0.9,1.7,8.7,huertke01
227,Kentavious Caldwell-Pope,31,SG,64,30.2,.426,.314,.518,.866,0.4,1.7,2.1,1.7,1.3,0.5,0.8,1.9,8.6,caldwke01
228,Jaime Jaquez Jr.,23,SF,53,21.4,.446,.299,.485,.766,1.2,3.3,4.4,2.5,1.0,0.2,1.5,1.4,8.6,jaqueja01
229,Caleb Martin,29,SF,35,29.0,.431,.359,.498,.620,1.3,2.9,4.2,2.2,1.1,0.6,1.3,1.9,8.5,martica02
230,Kyshawn George,21,SG,59,27.1,.362,.319,.469,.769,0.7,3.4,4.2,2.4,1.0,0.8,1.5,3.1,8.5,georgky01
231,Al Horford,38,C,51,27.4,.419,.364,.544,.893,1.2,4.6,5.8,2.0,0.6,0.9,0.7,1.4,8.5,horfoal01
232,Tyrese Martin,25,SG,48,21.1,.407,.355,.514,.773,1.0,2.6,3.6,1.7,0.5,0.2,1.2,1.1,8.5,martity01
233,Larry Nance Jr.,32,PF,24,19.3,.516,.447,.626,.692,1.0,3.3,4.3,1.6,0.8,0.5,0.7,1.5,8.5,nancela02
234,Jaylen Nowell,25,SG,8,21.0,.356,.296,.411,.636,0.8,1.8,2.5,2.3,0.1,0.5,1.0,1.1,8.4,nowelja01
235,Quinten Post,24,PF,28,16.3,.455,.417,.582,.789,1.0,2.9,3.9,1.5,0.4,0.5,0.8,2.1,8.4,postqu01
236,Kel'el Ware,20,C,47,20.5,.537,.325,.580,.729,1.6,4.9,6.5,0.9,0.6,1.1,0.9,1.6,8.4,wareke01
237,Mike Conley,37,PG,57,24.8,.392,.405,.527,.920,0.5,2.1,2.6,4.5,1.2,0.2,1.1,1.6,8.3,conlemi01
238,Justin Edwards,21,SF,32,24.3,.447,.346,.544,.704,1.0,2.1,3.0,1.4,0.8,0.3,0.9,2.3,8.3,edwarju01
239,Keon Ellis,25,SG,63,23.1,.481,.429,.627,.848,0.8,1.8,2.5,1.3,1.4,0.8,0.8,2.0,8.3,elliske01
240,Kyle Filipowski,21,C,56,19.3,.516,.382,.593,.629,1.4,4.0,5.4,1.9,0.6,0.2,1.3,2.2,8.3,filipky01
241,Jalen Smith,24,C,56,15.3,.466,.340,.562,.823,1.4,4.2,5.6,1.0,0.3,0.7,0.6,1.6,8.3,smithja04
242,Dorian Finney-Smith,31,PF,48,28.2,.438,.388,.573,.667,1.4,2.6,4.0,1.3,0.9,0.3,0.9,2.3,8.2,finnedo01
243,Brandon Clarke,28,PF,60,19.1,.613,.059,.615,.696,2.0,3.2,5.2,1.0,0.8,0.6,0.6,2.4,8.2,clarkbr01
244,Lonnie Walker IV,26,SG,10,19.2,.350,.327,.450,.833,0.4,2.9,3.3,1.9,0.4,0.3,1.1,0.7,8.2,walkelo01
245,Jusuf Nurkić,30,C,35,21.8,.455,.269,.502,.681,1.9,6.8,8.7,2.2,0.9,0.7,2.0,2.8,8.1,nurkiju01
246,GG Jackson II,20,PF,23,16.7,.405,.349,.494,.722,1.0,2.2,3.2,1.1,0.4,0.2,1.2,1.1,8.1,jacksgg01
247,Taurean Prince,30,SF,64,26.6,.448,.446,.594,.839,0.5,3.3,3.8,2.0,0.8,0.1,1.0,2.1,8.1,princta02
248,Kelly Olynyk,33,C,33,18.5,.487,.413,.556,.775,1.3,3.4,4.7,2.6,0.6,0.4,1.5,2.6,8.0,olynyke01
249,Dalano Banton,25,PG,52,15.1,.415,.361,.494,.710,0.4,1.5,1.9,2.1,0.6,0.4,1.2,0.8,8.0,bantoda01
250,Damion Baugh,24,SG,10,25.4,.348,.220,.399,.818,0.7,1.8,2.5,3.8,1.3,0.1,1.8,1.6,8.0,baughda01
251,Jaden Hardy,22,SG,46,15.2,.428,.384,.521,.672,0.2,1.4,1.5,1.4,0.5,0.1,1.4,1.5,8.0,hardyja02
252,Day'Ron Sharpe,23,C,44,17.6,.524,.256,.542,.764,2.9,3.5,6.4,1.7,0.8,0.8,1.3,2.3,8.0,sharpda01
253,Johnny Juzang,23,SG,48,18.2,.423,.372,.552,.814,0.6,2.2,2.8,0.9,0.5,0.1,0.5,1.9,7.9,juzanjo01
254,Cason Wallace,21,SG,57,27.4,.460,.343,.536,.833,1.0,2.4,3.4,2.5,1.7,0.5,0.8,2.2,7.9,wallaca01
255,Peyton Watson,22,SF,53,23.5,.472,.364,.533,.738,0.7,2.5,3.3,1.4,0.8,1.2,0.9,1.8,7.9,watsope01
256,Goga Bitadze,25,C,56,21.9,.624,.130,.629,.633,2.5,4.6,7.1,2.0,0.7,1.6,1.2,2.2,7.8,bitadgo01
257,Cody Martin,29,SF,39,24.8,.433,.323,.507,.694,1.0,3.5,4.5,2.3,1.1,0.7,1.1,1.8,7.8,martico01
258,Ja'Kobe Walter,20,SG,44,20.0,.405,.312,.476,.746,1.0,1.9,2.9,1.3,0.7,0.2,0.9,1.8,7.8,walteja01
259,Justin Champagnie,23,SF,46,18.9,.496,.380,.588,.725,1.6,3.2,4.8,0.9,0.9,0.7,0.8,1.8,7.7,champju01
260,Sam Hauser,27,PF,56,20.6,.438,.399,.609,1.000,0.7,2.4,3.1,0.9,0.6,0.2,0.4,1.2,7.7,hausesa01
261,Richaun Holmes,31,PF,26,18.1,.664,.000,.664,.827,2.0,3.9,5.9,1.5,0.3,0.8,0.8,1.6,7.7,holmeri01
262,Lonzo Ball,27,PG,35,22.2,.366,.344,.504,.815,0.7,2.7,3.4,3.3,1.3,0.5,1.2,1.6,7.6,balllo01
263,Isaiah Collier,20,PG,58,24.8,.410,.237,.447,.648,0.4,2.7,3.1,6.2,0.9,0.2,3.0,2.2,7.6,colliis01
264,Garrison Mathews,28,SG,44,17.6,.397,.390,.562,.818,0.3,1.5,1.8,1.3,0.6,0.3,0.7,1.8,7.6,mathega01
265,Bol Bol,25,PF,30,14.0,.509,.330,.592,.769,0.6,2.7,3.3,0.6,0.3,0.8,0.6,0.7,7.5,bolbo01
266,Tristan Da Silva,23,SF,63,23.0,.418,.332,.502,.864,1.0,2.4,3.4,1.6,0.5,0.3,0.8,1.3,7.5,dasiltr01
267,A.J. Green,25,SG,58,22.8,.427,.420,.608,.905,0.2,2.0,2.3,1.4,0.6,0.1,0.5,2.2,7.5,greenaj01
268,Vince Williams Jr.,24,SG,15,18.6,.404,.255,.471,.722,1.0,2.7,3.7,2.1,0.7,0.2,1.4,1.9,7.4,willivi01
269,Vasilije Micić,31,PG,37,20.7,.348,.360,.430,.829,0.5,1.8,2.4,3.4,0.4,0.0,2.0,1.2,7.3,micicva01
270,Andre Drummond,31,C,40,18.8,.500,.150,.506,.622,2.7,5.0,7.8,0.9,1.0,0.5,1.4,2.4,7.3,drumman01
271,Bruce Brown,28,PG,30,20.7,.395,.259,.429,.848,0.9,2.7,3.7,1.8,0.9,0.1,1.0,1.6,7.2,brownbr01
272,Jared Butler,24,SG,43,13.0,.466,.346,.520,.783,0.4,1.2,1.7,3.0,0.4,0.2,1.1,1.3,7.2,butleja02
273,Matas Buzelis,20,SF,64,16.9,.433,.321,.509,.845,0.7,2.4,3.1,0.8,0.3,0.8,0.8,1.7,7.2,buzelma01
274,Josh Green,24,SG,59,28.6,.419,.384,.532,.661,0.9,1.8,2.7,1.6,1.1,0.2,1.0,2.5,7.2,greenjo02
275,Bones Hyland,24,PG,20,11.1,.391,.388,.526,.885,0.3,1.0,1.2,1.4,0.9,0.2,1.2,1.3,7.2,hylanbo01
276,Jared Rhoden,25,SG,10,15.9,.400,.286,.467,.833,1.1,1.9,3.0,0.8,0.7,0.2,0.7,1.3,7.1,rhodeja01
277,Jay Huff,26,C,52,12.1,.512,.415,.652,.771,0.5,1.6,2.1,0.6,0.2,0.9,0.6,1.3,7.1,huffja01
278,Trayce Jackson-Davis,24,C,53,17.3,.573,.000,.573,.591,2.1,3.4,5.5,1.9,0.4,0.7,0.8,1.3,7.1,jackstr02
279,Sam Merrill,28,SG,56,19.3,.403,.369,.564,.966,0.5,1.6,2.1,1.4,0.7,0.2,0.4,1.8,7.1,merrisa01
280,KJ Simpson,22,PG,23,20.4,.335,.216,.381,.811,1.2,1.7,2.9,2.6,0.8,0.2,1.4,1.5,7.1,simpskj01
281,Terance Mann,28,SG,51,20.6,.481,.379,.557,.642,1.0,1.9,2.9,1.8,0.7,0.3,0.7,1.9,7.0,mannte01
282,Isaiah Jackson,23,C,5,16.8,.609,,.609,.500,2.2,3.4,5.6,1.0,0.6,1.6,1.0,2.8,7.0,jacksis01
283,Vit Krejci,24,PG,41,20.5,.453,.396,.589,.667,0.4,2.3,2.7,2.7,0.7,0.5,1.0,1.9,7.0,krejcvi01
284,Josh Okogie,26,SG,32,15.6,.473,.385,.548,.725,1.3,1.7,3.0,0.8,1.3,0.5,0.8,1.2,6.9,okogijo01
285,Davion Mitchell,26,PG,58,26.1,.456,.386,.546,.654,0.4,1.6,2.0,4.6,0.8,0.2,1.7,2.5,6.9,mitchda01
286,Thomas Bryant,27,C,48,15.1,.520,.355,.598,.826,1.4,2.6,4.1,1.0,0.4,0.6,0.5,1.2,6.9,bryanth01
287,Cameron Payne,30,PG,59,14.3,.413,.367,.521,.891,0.2,1.2,1.4,2.6,0.6,0.2,0.7,1.5,6.9,payneca01
288,Jake LaRavia,23,PF,60,20.4,.472,.419,.558,.670,1.4,2.6,4.1,2.5,0.9,0.4,1.3,1.9,6.8,laravja01
289,Eric Gordon,36,SG,39,19.7,.426,.409,.564,.750,0.2,1.0,1.2,1.7,0.7,0.3,0.7,0.8,6.8,gordoer01
290,Precious Achiuwa,25,C,42,21.6,.519,.300,.539,.627,2.0,3.9,5.9,1.0,0.8,0.8,0.7,1.5,6.7,achiupr01
291,KJ Martin,24,PF,36,21.2,.583,.326,.626,.767,0.8,2.3,3.1,0.9,0.4,0.6,0.6,2.4,6.6,martike04
292,Zach Collins,27,PF,48,15.1,.500,.317,.558,.882,1.5,2.8,4.3,1.7,0.5,0.5,0.8,2.1,6.5,colliza01
293,Alex Caruso,30,SG,42,19.0,.439,.353,.540,.826,0.7,2.0,2.7,2.5,1.6,0.5,0.7,1.8,6.5,carusal01
294,Jordan Goodwin,26,PG,11,18.3,.518,.462,.625,.667,1.5,2.6,4.1,1.0,1.1,0.3,0.9,1.6,6.5,goodwjo01
295,Haywood Highsmith,28,SF,58,24.3,.473,.394,.589,.750,0.8,2.3,3.2,1.4,0.9,0.6,0.7,2.2,6.5,highsha01
296,Alec Burks,33,SG,36,17.7,.407,.419,.559,.756,0.4,2.3,2.7,1.1,0.6,0.2,0.4,0.7,6.4,burksal01
297,Ricky Council IV,23,SF,56,14.7,.399,.283,.464,.833,0.6,1.6,2.2,1.2,0.5,0.1,0.5,0.8,6.4,councri01
298,Mouhamed Gueye,22,PF,18,16.2,.436,.255,.500,.789,0.8,2.5,3.3,0.8,1.1,1.1,0.4,1.6,6.4,gueyemo02
299,Jaxson Hayes,24,C,40,19.2,.714,.000,.714,.734,1.4,3.2,4.6,1.1,0.6,1.0,0.8,2.3,6.4,hayesja02
300,Ajay Mitchell,22,SG,34,16.5,.506,.431,.572,.848,0.5,1.5,2.0,1.7,0.7,0.1,0.8,1.7,6.4,mitchaj01
301,Tre Jones,25,PG,42,18.4,.510,.357,.548,.817,0.7,1.7,2.4,3.8,0.8,0.2,0.7,1.1,6.3,jonestr01
302,Ben Simmons,28,PG,38,24.5,.552,,.552,.727,0.9,4.3,5.2,6.7,0.9,0.5,2.4,2.4,6.3,simmobe01
303,Gary Payton II,32,SG,53,14.3,.573,.308,.622,.730,0.9,2.1,2.9,1.3,0.7,0.3,0.6,1.7,6.3,paytoga02
304,Brandon Williams,25,PG,24,12.2,.491,.395,.569,.829,0.2,1.3,1.4,2.0,0.5,0.1,0.8,0.8,6.3,willibr03
305,Kris Dunn,30,PG,59,24.1,.433,.305,.509,.563,0.8,2.7,3.5,3.1,1.8,0.4,1.1,2.6,6.2,dunnkr01
306,Jamal Shead,22,PG,60,17.9,.418,.327,.488,.756,0.4,1.0,1.3,3.7,0.5,0.1,1.5,2.0,6.2,sheadja01
307,Dru Smith,27,SG,14,19.1,.508,.533,.639,.750,0.9,1.7,2.6,1.6,1.5,0.4,1.2,2.1,6.2,smithdr01
308,Simone Fontecchio,29,SF,60,17.0,.391,.324,.490,.818,0.7,2.3,3.0,0.9,0.4,0.2,0.8,1.3,6.1,fontesi01
309,Ron Holland,19,SF,67,15.5,.450,.221,.493,.793,0.5,2.1,2.6,0.9,0.6,0.1,0.8,1.7,6.1,hollaro01
310,Trey Lyles,29,PF,54,18.2,.408,.344,.520,.685,1.1,3.4,4.4,1.1,0.6,0.4,0.6,1.2,6.1,lylestr01
311,Karlo Matković,23,PF,29,17.6,.546,.342,.596,.793,1.6,3.0,4.6,1.0,0.4,1.1,0.9,2.3,6.1,matkoka01
312,Tristan Vukcevic,21,C,21,10.0,.474,.306,.552,.778,0.7,2.2,2.9,0.9,0.3,0.4,0.8,1.3,6.1,vukcetr01
313,Donovan Clingan,20,C,53,17.8,.550,.267,.567,.616,2.8,4.3,7.2,1.0,0.5,1.6,1.2,2.8,6.0,clingdo01
314,Ben Sheppard,23,SG,50,20.2,.439,.363,.563,.913,0.7,2.0,2.7,1.3,0.6,0.2,0.3,2.1,6.0,sheppbe01
315,James Wiseman,23,C,1,5.0,.500,.000,.500,1.000,0.0,1.0,1.0,0.0,0.0,0.0,0.0,0.0,6.0,wisemja01
316,Isaiah Wong,24,SG,20,13.3,.390,.394,.452,.735,0.7,0.9,1.6,1.4,0.6,0.0,0.9,1.1,6.0,wongis01
317,Jamison Battle,23,SF,43,13.6,.452,.416,.609,.857,0.7,1.5,2.1,0.8,0.1,0.1,0.4,1.2,5.9,battlja01
318,Bismack Biyombo,32,C,13,17.6,.692,,.692,.333,1.6,3.8,5.4,1.0,0.6,0.9,0.9,1.8,5.9,biyombi01
319,Seth Curry,34,SG,54,14.5,.465,.447,.588,.800,0.4,1.2,1.6,0.7,0.4,0.1,0.4,0.9,5.9,curryse01
320,Gabe Vincent,28,PG,56,21.0,.394,.333,.511,.688,0.2,0.9,1.2,1.5,0.7,0.2,0.6,2.1,5.9,vincega01
321,Moses Brown,25,C,13,9.2,.694,,.694,.727,0.9,2.5,3.4,0.2,0.5,0.3,0.8,1.3,5.8,brownmo01
322,Isaiah Stewart,23,C,61,19.8,.540,.279,.563,.756,1.9,3.7,5.6,1.7,0.3,1.4,1.0,2.5,5.8,stewais01
323,Robert Williams,27,C,20,17.6,.641,.333,.647,.882,1.8,4.2,5.9,1.1,0.7,1.7,0.9,1.6,5.8,williro04
324,Shake Milton,28,SG,48,14.9,.462,.371,.547,.800,0.5,1.3,1.8,1.9,0.4,0.1,0.7,1.2,5.7,miltosh01
325,Javonte Green,31,SG,54,20.9,.458,.368,.547,.739,0.9,2.6,3.5,0.9,1.0,0.6,0.5,1.5,5.7,greenja02
326,Ryan Dunn,22,SF,58,16.9,.430,.304,.511,.444,0.9,2.1,3.0,0.8,0.4,0.6,0.4,2.1,5.7,dunnry01
327,Jonathan Isaac,27,PF,58,16.1,.415,.266,.480,.670,1.7,2.9,4.7,0.5,0.8,1.1,0.4,1.4,5.7,isaacjo01
328,Isaac Okoro,24,SG,39,19.3,.437,.374,.546,.677,0.9,1.4,2.3,1.4,0.6,0.4,0.4,2.0,5.7,okorois01
329,Jeremiah Robinson-Earl,24,PF,51,17.4,.453,.339,.533,.825,1.5,2.8,4.4,1.1,0.6,0.1,0.6,1.2,5.7,robinje02
330,Marcus Sasser,24,PG,48,13.3,.464,.368,.561,.839,0.3,0.8,1.1,2.2,0.6,0.1,0.9,1.3,5.7,sassema01
331,Kenrich Williams,30,PF,53,14.7,.483,.385,.581,.808,0.9,2.3,3.2,1.2,0.6,0.1,0.5,1.5,5.7,willike04
332,Talen Horton-Tucker,24,SG,48,11.3,.447,.368,.527,.691,0.3,1.4,1.7,1.3,0.3,0.2,0.7,1.0,5.6,hortota01
333,Oscar Tshiebwe,25,C,7,14.3,.652,,.652,.750,2.3,5.1,7.4,0.4,0.9,0.0,0.3,2.0,5.6,tshieos01
334,Quenton Jackson,26,PG,20,14.1,.477,.357,.534,.714,0.6,1.1,1.6,2.0,0.6,0.3,0.7,1.7,5.5,jacksqu01
335,Kevin Love,36,PF,22,11.2,.357,.358,.461,.696,1.0,3.3,4.3,1.0,0.7,0.2,0.6,0.9,5.5,loveke01
336,Dean Wade,28,PF,45,21.6,.407,.347,.549,.520,0.9,3.7,4.6,1.4,0.8,0.4,0.4,1.9,5.5,wadede01
337,Jarace Walker,21,PF,59,15.3,.456,.364,.546,.639,0.4,2.5,2.9,1.4,0.8,0.4,1.0,1.5,5.5,walkeja02
338,Torrey Craig,34,SF,17,11.2,.478,.420,.634,.750,1.1,1.3,2.4,0.5,0.2,0.4,0.1,1.4,5.4,craigto01
339,Orlando Robinson,24,C,31,14.7,.437,.286,.465,.795,1.7,2.5,4.2,1.5,0.5,0.4,0.9,1.7,5.4,robinor01
340,Moussa Diabaté,23,C,56,18.3,.592,.000,.592,.575,2.9,3.7,6.6,0.9,0.7,0.6,0.9,1.6,5.4,diabamo01
341,Jeff Green,38,PF,24,12.2,.505,.345,.613,.833,0.3,1.4,1.7,0.4,0.2,0.2,0.3,1.0,5.4,greenje02
342,Keaton Wallace,25,PG,28,16.2,.413,.356,.507,1.000,0.3,1.1,1.4,2.2,0.8,0.3,1.0,1.3,5.4,wallake01
343,Kobe Bufkin,21,SG,10,12.4,.383,.211,.426,.722,0.5,1.6,2.1,1.7,0.3,0.2,0.8,0.9,5.3,bufkiko01
344,DaQuan Jeffries,27,SG,30,20.1,.390,.292,.474,.824,0.8,1.8,2.7,1.1,0.6,0.5,0.6,2.1,5.3,jeffrda01
345,Luke Kornet,29,C,58,17.9,.665,.000,.665,.714,2.4,2.6,5.0,1.6,0.5,1.0,0.4,1.6,5.3,kornelu01
346,Jonathan Mogbo,23,PF,49,17.9,.451,.298,.482,.703,1.6,2.6,4.1,1.6,0.8,0.5,0.9,2.1,5.3,mogbojo01
347,Tidjane Salaün,19,PF,48,19.1,.319,.289,.406,.719,1.2,3.0,4.2,1.1,0.5,0.3,0.9,1.2,5.3,salauti01
348,Jaylin Williams,22,PF,36,16.3,.407,.347,.530,.800,1.1,4.3,5.4,2.4,0.4,0.6,0.7,1.6,5.3,willija07
349,Drew Eubanks,27,C,48,14.0,.592,.500,.601,.651,1.1,3.0,4.1,1.0,0.2,0.7,0.7,1.1,5.2,eubandr01
350,Aaron Holiday,28,PG,49,12.7,.424,.376,.546,.833,0.2,1.1,1.3,1.3,0.3,0.1,0.6,1.1,5.2,holidaa01
351,Rob Dillingham,20,PG,41,11.9,.445,.357,.508,.533,0.3,0.9,1.2,2.3,0.4,0.0,1.2,0.9,5.1,dilliro01
352,Neemias Queta,25,C,50,14.4,.645,.000,.645,.729,1.5,2.5,3.9,0.7,0.3,0.7,0.7,1.8,5.1,quetane01
353,Lindy Waters III,27,SG,45,15.2,.374,.335,.498,.727,0.4,1.8,2.2,1.0,0.5,0.2,0.4,1.3,5.0,waterli01
354,Kyle Anderson,31,PF,48,14.6,.443,.368,.493,.689,0.9,2.3,3.1,2.2,0.6,0.5,0.5,1.2,5.0,anderky01
355,Jeff Dowtin,27,PG,33,12.5,.474,.419,.541,.692,0.2,1.1,1.3,1.7,0.4,0.2,0.2,0.6,5.0,dowtije01
356,Terrence Shannon Jr.,24,SG,27,11.2,.491,.367,.542,.810,0.4,1.2,1.6,1.0,0.2,0.2,0.5,0.9,5.0,shannte01
357,Alondes Williams,25,SG,1,4.0,1.000,1.000,1.250,,0.0,0.0,0.0,1.0,0.0,0.0,0.0,0.0,5.0,willial06
358,Kevon Looney,28,C,60,15.7,.508,.000,.508,.573,2.7,3.9,6.6,1.7,0.7,0.5,0.6,2.2,4.9,looneke01
359,Monte Morris,29,PG,40,13.1,.404,.301,.468,.850,0.3,1.2,1.4,1.7,0.4,0.1,0.4,0.5,4.9,morrimo01
360,Ryan Rollins,22,PG,41,12.0,.462,.361,.538,.833,0.4,1.2,1.6,1.2,0.7,0.3,0.9,1.3,4.9,rolliry01
361,Marvin Bagley III,25,PF,22,9.3,.525,.214,.544,.667,1.4,1.5,2.9,0.3,0.3,0.3,0.5,0.6,4.8,baglema01
362,David Roddy,23,PF,30,12.5,.464,.333,.545,.818,0.4,2.2,2.6,1.1,0.5,0.3,0.7,0.6,4.7,roddyda01
363,Taylor Hendricks,21,PF,3,25.0,.222,.250,.306,.750,1.7,3.3,5.0,0.7,1.7,1.3,0.7,2.7,4.7,hendrta01
364,Mason Plumlee,34,C,65,18.1,.618,.000,.618,.646,1.6,4.7,6.4,1.8,0.4,0.7,0.8,2.2,4.7,plumlma01
365,Jabari Walker,22,SF,50,11.8,.506,.383,.571,.654,1.0,2.5,3.5,0.6,0.6,0.1,0.5,1.5,4.7,walkeja01
366,Cody Williams,20,SG,41,20.5,.345,.296,.419,.763,0.6,1.8,2.4,1.2,0.5,0.3,0.9,1.8,4.7,willico04
367,Charles Bassey,24,C,34,10.7,.586,,.586,.636,1.6,2.8,4.4,0.5,0.4,0.9,0.7,1.4,4.6,bassech01
368,Sandro Mamukelashvili,25,PF,43,8.6,.511,.373,.622,.714,0.6,1.7,2.3,0.6,0.3,0.3,0.3,0.8,4.6,mamuksa01
369,Julian Phillips,21,SF,64,13.9,.443,.328,.531,.761,0.9,1.2,2.1,0.5,0.4,0.3,0.4,1.3,4.6,phillju01
370,Trentyn Flowers,19,SF,2,8.0,.444,.000,.444,1.000,0.5,1.5,2.0,0.0,0.0,0.0,0.5,1.5,4.5,flowetr01
371,Gui Santos,22,PF,41,13.8,.482,.364,.584,.727,1.2,1.9,3.1,1.5,0.4,0.2,0.8,1.8,4.5,santogu01
372,Cam Spencer,24,SG,13,11.3,.450,.391,.563,1.000,0.5,1.0,1.5,1.3,0.5,0.1,0.4,1.2,4.5,spencca01
373,Reggie Jackson,34,PG,31,12.4,.391,.338,.485,.778,0.3,1.1,1.4,1.5,0.5,0.1,0.5,1.1,4.4,jacksre01
374,Jordan Miller,25,SF,34,12.1,.435,.216,.466,.788,0.7,1.0,1.7,1.0,0.5,0.1,0.7,0.7,4.4,millejo02
375,Antonio Reeves,24,SG,30,10.6,.422,.355,.517,.846,0.4,0.7,1.2,0.8,0.3,0.1,0.4,0.5,4.4,reevean01
376,Mo Bamba,26,C,30,13.1,.454,.283,.523,.680,1.0,3.5,4.5,0.6,0.3,1.0,0.6,1.8,4.3,bambamo01
377,Jaylen Clark,23,SG,25,14.7,.442,.415,.541,.778,0.7,0.6,1.2,0.6,1.0,0.0,0.2,1.8,4.3,clarkja02
378,Pat Connaughton,32,SG,31,14.8,.431,.323,.517,.765,0.5,2.1,2.6,1.6,0.2,0.3,0.6,1.1,4.3,connapa01
379,Micah Potter,26,C,30,17.4,.433,.364,.567,.857,1.1,3.0,4.1,0.8,0.3,0.4,0.7,1.3,4.3,pottemi01
380,Trevelin Queen,27,SG,28,13.8,.352,.242,.414,.882,0.8,0.8,1.6,1.2,1.0,0.4,0.8,1.3,4.3,queentr01
381,Mitchell Robinson,26,C,6,14.8,.688,,.688,.800,2.3,1.8,4.2,0.5,1.2,0.5,0.8,2.0,4.3,robinmi01
382,Daniel Theis,32,C,38,16.3,.473,.243,.508,.838,1.2,3.2,4.3,1.6,0.5,0.5,0.7,1.8,4.3,theisda01
383,Jarred Vanderbilt,25,PF,20,17.0,.507,.333,.567,.474,1.8,3.7,5.5,1.2,1.0,0.3,0.7,1.8,4.3,vandeja01
384,Devin Carter,22,PG,22,9.7,.385,.308,.462,.667,0.5,1.8,2.3,1.2,0.3,0.1,0.5,0.9,4.2,cartede02
385,Jett Howard,21,SF,54,11.4,.355,.297,.463,.750,0.4,0.8,1.2,0.8,0.2,0.2,0.5,1.1,4.2,howarje01
386,Elfrid Payton,30,PG,13,20.5,.388,.000,.388,.500,0.5,2.4,2.8,5.2,1.2,0.5,2.1,1.7,4.1,paytoel01
387,Paul Reed,25,C,37,9.2,.536,.286,.563,.794,0.9,1.7,2.6,0.9,0.9,0.5,0.5,1.5,4.1,reedpa01
388,Malachi Flynn,26,PG,4,11.0,.385,.250,.423,.833,0.8,1.0,1.8,1.8,0.8,0.0,1.0,1.0,4.0,flynnma01
389,Marcus Garrett,26,SG,1,19.0,.333,.000,.333,,0.0,1.0,1.0,5.0,0.0,0.0,3.0,3.0,4.0,garrema01
390,Kevin Knox,25,SF,7,7.3,.458,.273,.521,.750,0.9,0.7,1.6,0.6,0.1,0.6,0.1,0.7,4.0,knoxke01
391,Pelle Larsson,23,SG,42,13.0,.441,.324,.522,.683,0.4,1.0,1.5,1.0,0.4,0.1,0.3,1.8,4.0,larsspe01
392,Kyle Lowry,38,PG,33,18.9,.351,.337,.477,.818,0.3,1.6,2.0,2.8,0.9,0.3,0.6,1.8,4.0,lowryky01
393,Kris Murray,24,SF,55,13.8,.450,.256,.502,.409,1.0,1.2,2.3,0.8,0.5,0.2,0.5,0.9,4.0,murrakr01
394,Josh Richardson,31,SG,8,18.8,.289,.273,.368,1.000,0.8,0.8,1.5,1.5,1.0,0.1,1.0,2.1,4.0,richajo01
395,Landry Shamet,27,SG,33,12.0,.486,.361,.589,.556,0.2,0.8,0.9,0.5,0.5,0.1,0.4,0.9,4.0,shamela01
396,Lamar Stevens,27,PF,6,9.8,.350,.364,.450,.750,0.3,2.7,3.0,0.5,0.5,0.3,0.5,1.2,4.0,stevela01
397,Ousmane Dieng,21,C,36,11.2,.435,.324,.528,.688,0.5,1.8,2.3,0.9,0.5,0.2,0.5,0.9,3.9,diengou01
398,Kessler Edwards,24,SF,36,14.1,.496,.372,.564,.909,0.6,2.1,2.7,1.1,0.5,0.4,0.4,1.4,3.9,edwarke02
399,Dariq Whitehead,20,SF,10,5.9,.481,.522,.704,.333,0.1,0.5,0.6,0.1,0.3,0.1,0.6,0.2,3.9,whiteda01
400,Olivier-Maxence Prosper,22,PF,52,11.2,.402,.235,.437,.645,0.8,1.6,2.4,0.8,0.5,0.1,0.3,0.5,3.9,prospol01
401,Reed Sheppard,20,PG,45,11.9,.332,.279,.411,.813,0.4,1.0,1.4,1.2,0.6,0.3,0.6,0.9,3.9,sheppre01
402,Dalen Terry,22,SG,59,12.4,.452,.319,.511,.678,0.5,0.9,1.4,1.2,0.5,0.2,0.6,1.4,3.9,terryda01
403,Nicolas Batum,36,PF,64,18.0,.406,.401,.576,.833,0.6,2.1,2.8,1.1,0.7,0.5,0.4,1.4,3.8,batumni01
404,Malaki Branham,21,SG,37,8.2,.429,.386,.521,.850,0.1,0.9,1.0,0.7,0.2,0.1,0.8,0.4,3.8,branhma01
405,Isaac Jones,24,PF,29,8.7,.667,.333,.682,.618,0.6,1.0,1.5,0.3,0.1,0.3,0.4,0.9,3.8,jonesis01
406,Jock Landale,29,C,34,10.4,.459,.375,.486,.686,1.2,1.8,3.0,0.8,0.2,0.3,0.4,1.0,3.8,landajo01
407,Patty Mills,36,PG,23,12.6,.341,.303,.459,.857,0.1,0.8,0.9,1.0,0.6,0.1,0.7,0.8,3.7,millspa02
408,Adem Bona,21,C,46,11.9,.688,,.688,.661,1.2,2.0,3.2,0.3,0.3,0.9,0.7,1.9,3.7,bonaad01
409,Jevon Carter,29,PG,30,7.6,.402,.357,.531,.800,0.1,0.9,0.9,1.0,0.3,0.1,0.3,0.4,3.7,carteje01
410,Luka Garza,26,C,32,6.0,.473,.242,.516,.677,1.0,0.6,1.6,0.3,0.2,0.1,0.3,0.8,3.7,garzalu01
411,Andre Jackson Jr.,23,SG,57,15.8,.467,.397,.547,.556,1.0,1.9,2.9,1.3,0.5,0.2,0.9,1.9,3.7,jacksan01
412,Wendell Moore Jr.,23,SG,27,12.1,.451,.375,.506,.882,0.8,1.6,2.4,1.0,0.4,0.1,0.6,0.8,3.6,moorewe01
413,Steven Adams,31,C,47,12.7,.523,.000,.523,.446,2.7,2.6,5.3,1.2,0.3,0.4,0.9,1.0,3.6,adamsst01
414,Alex Reese,25,PF,6,11.2,.471,.200,.529,.600,1.0,2.2,3.2,0.2,0.8,1.0,0.5,1.2,3.5,reeseal01
415,Jalen Pickett,25,SG,33,11.4,.442,.386,.548,1.000,0.2,1.0,1.2,1.8,0.3,0.1,0.4,0.6,3.5,pickeja02
416,Dario Šarić,30,C,15,13.5,.339,.269,.402,.700,0.9,2.3,3.3,1.5,0.5,0.1,0.9,1.2,3.5,saricda01
417,Dominick Barlow,21,SF,20,8.6,.473,.333,.518,.688,0.5,1.2,1.7,0.3,0.3,0.4,0.1,0.7,3.4,barlodo01
418,Bruno Fernando,26,C,17,8.6,.531,,.531,.750,1.2,1.8,3.0,1.1,0.2,0.5,0.8,1.6,3.4,fernabr01
419,Oso Ighodaro,22,PF,45,14.2,.589,.000,.589,.528,0.8,2.3,3.1,0.9,0.4,0.4,0.6,1.5,3.4,ighodos01
420,Damion Lee,32,SG,17,6.1,.340,.222,.396,.941,0.1,0.7,0.8,0.5,0.2,0.0,0.4,0.3,3.4,leeda03
421,Jae'Sean Tate,29,SF,44,11.0,.452,.294,.492,.674,0.9,1.2,2.1,0.8,0.5,0.1,0.4,1.6,3.4,tateja01
422,Jamal Cain,25,SF,27,11.4,.390,.311,.481,.625,0.7,1.3,2.0,0.6,0.5,0.3,0.4,1.0,3.3,cainja01
423,Collin Gillespie,25,PG,17,6.4,.513,.471,.615,.889,0.5,0.6,1.1,1.3,0.2,0.1,0.3,0.6,3.3,gilleco01
424,DeAndre Jordan,36,C,46,11.5,.651,,.651,.405,1.4,3.3,4.7,0.8,0.3,0.4,0.7,1.2,3.3,jordade01
425,Cam Reddish,25,SF,31,18.1,.430,.289,.506,.615,0.5,1.5,2.0,0.7,1.0,0.3,0.4,1.4,3.3,reddica01
426,Nae'Qwan Tomlin,24,PF,3,4.7,.500,.000,.500,.667,0.3,1.7,2.0,0.0,0.0,0.0,0.3,0.7,3.3,tomlina01
427,Elijah Harkless,24,SG,10,13.8,.314,.280,.414,.500,0.9,1.2,2.1,0.8,1.0,0.1,0.3,1.8,3.2,harklej01
428,Jackson Rowe,28,PF,5,8.6,.400,.222,.467,.500,0.0,1.6,1.6,0.6,0.6,0.0,0.2,0.8,3.2,roweja01
429,Doug McDermott,33,SF,36,7.9,.418,.423,.599,.600,0.1,0.4,0.5,0.1,0.1,0.1,0.2,0.8,3.1,mcderdo01
430,Zeke Nnaji,24,PF,45,10.0,.529,.324,.587,.586,0.5,1.0,1.6,0.3,0.3,0.6,0.2,1.1,3.1,nnajize01
431,Duop Reath,28,C,35,7.9,.388,.292,.495,.857,0.5,0.9,1.4,0.5,0.2,0.3,0.3,0.6,3.1,reathdu01
432,JT Thor,22,PF,10,5.0,.556,.500,.667,.875,0.6,0.5,1.1,0.1,0.2,0.3,0.6,0.7,3.1,thorjt01
433,Jaylon Tyson,22,SG,40,9.2,.461,.359,.529,.778,0.8,1.2,2.0,1.0,0.2,0.1,0.5,1.1,3.1,tysonja01
434,Taj Gibson,39,C,27,11.3,.486,.500,.493,.688,1.5,2.0,3.6,0.6,0.3,0.4,0.7,1.6,3.0,gibsota01
435,Gary Harris,30,SG,33,15.2,.361,.320,.485,.600,0.5,0.8,1.2,0.5,0.6,0.2,0.4,0.9,3.0,harriga01
436,Kylor Kelley,27,C,8,8.4,.769,,.769,.667,1.0,1.6,2.6,0.3,0.0,0.3,0.1,1.0,3.0,kelleky01
437,Maxi Kleber,33,PF,34,18.7,.385,.265,.453,.762,0.7,2.1,2.8,1.3,0.3,0.5,0.7,1.9,3.0,klebima01
438,Taze Moore,26,SG,2,10.0,.200,.250,.250,.500,2.0,2.0,4.0,0.5,1.0,0.0,1.0,0.0,3.0,mooreta02
439,Craig Porter Jr.,24,PG,41,8.9,.549,.455,.632,.769,0.3,0.9,1.2,1.4,0.3,0.3,0.6,0.4,3.0,portecr01
440,Jeenathan Williams,25,SG,13,6.1,.444,.267,.500,.750,0.1,0.4,0.5,0.3,0.4,0.3,0.7,0.8,3.0,willije02
441,Jae Crowder,34,PF,7,13.1,.353,.250,.441,.833,0.9,1.6,2.4,0.6,0.4,0.0,0.6,1.4,2.9,crowdja01
442,Caleb Houstan,22,SF,43,11.3,.339,.324,.479,.929,0.3,0.7,1.0,0.4,0.2,0.1,0.1,1.0,2.9,houstca01
443,Kai Jones,24,C,29,8.3,.761,.000,.761,.750,0.6,1.3,1.9,0.3,0.2,0.5,0.4,0.9,2.8,joneska01
444,AJ Johnson,20,SG,12,8.2,.371,.286,.429,.750,0.1,0.9,1.0,1.5,0.2,0.0,0.4,0.5,2.8,johnsaj01
445,Branden Carlson,25,C,20,6.1,.442,.412,.605,1.000,0.3,1.2,1.5,0.4,0.1,0.4,0.2,0.7,2.8,carlsbr01
446,Blake Wesley,21,SG,40,8.3,.468,.231,.500,.667,0.2,0.5,0.6,1.8,0.4,0.1,0.8,0.5,2.8,weslebl01
447,Trey Jemison,25,C,31,10.9,.537,,.537,.387,1.2,1.6,2.8,0.5,0.3,0.5,0.5,2.0,2.7,jemistr01
448,Colin Castleton,24,C,14,11.6,.375,.000,.375,.857,1.1,2.1,3.2,0.7,0.2,0.4,0.4,1.4,2.6,castlco01
449,Markelle Fultz,26,PG,10,7.9,.400,.250,.417,1.000,0.2,0.5,0.7,0.9,0.5,0.1,1.0,0.5,2.6,fultzma01
450,Mason Jones,26,SG,9,4.8,.500,.125,.528,.800,0.2,0.7,0.9,1.1,0.0,0.1,0.1,0.3,2.6,jonesma05
451,Tyler Smith,20,PF,17,4.9,.472,.400,.583,.500,0.2,0.9,1.2,0.2,0.1,0.2,0.4,0.5,2.6,smithty02
452,Pat Spencer,28,PG,31,6.7,.391,.118,.402,.733,0.5,0.9,1.4,1.2,0.4,0.1,0.5,0.6,2.6,spencpa01
453,Markieff Morris,35,PF,11,6.6,.250,.273,.333,.750,0.0,0.9,0.9,0.8,0.1,0.1,0.3,0.7,2.5,morrima02
454,TyTy Washington Jr.,23,PG,11,8.6,.297,.167,.338,.750,0.4,0.7,1.1,1.1,0.3,0.0,0.3,0.3,2.5,washity02
455,Delon Wright,32,PG,30,14.1,.282,.255,.359,.550,0.5,1.1,1.6,1.7,0.8,0.3,0.5,0.6,2.4,wrighde01
456,Johnny Davis,22,SG,34,7.1,.410,.241,.455,.600,0.3,0.8,1.1,0.3,0.4,0.2,0.2,0.5,2.4,davisjo06
457,Cory Joseph,33,PG,36,8.6,.370,.357,.494,.750,0.2,0.7,0.9,0.9,0.3,0.1,0.3,0.7,2.4,josepco01
458,John Konchar,28,SG,34,12.5,.417,.320,.528,.833,0.9,2.5,3.3,0.9,0.5,0.4,0.4,0.8,2.4,konchjo01
459,Drew Peterson,25,PF,18,8.3,.448,.391,.603,.857,0.3,1.4,1.7,0.7,0.2,0.1,0.3,0.7,2.3,peterdr01
460,Lester Quiñones,24,SG,4,4.3,.500,.000,.500,1.000,0.8,0.3,1.0,0.3,0.0,0.0,1.0,0.0,2.3,quinole01
461,MarJon Beauchamp,24,SF,30,4.8,.404,.385,.491,.688,0.3,0.9,1.2,0.3,0.1,0.0,0.5,0.4,2.2,beaucma01
462,Kobe Brown,25,PF,30,7.3,.468,.190,.500,.800,0.6,1.2,1.8,0.6,0.1,0.1,0.3,0.6,2.2,brownko01
463,Dillon Jones,23,SF,39,9.1,.340,.204,.394,.550,0.6,1.4,2.0,1.0,0.2,0.1,0.4,0.9,2.2,jonesdi01
464,Christian Koloko,24,C,30,8.7,.630,.000,.630,.875,0.9,1.2,2.1,0.4,0.2,0.3,0.3,1.1,2.2,kolokch01
465,Josh Minott,22,SF,38,6.2,.434,.235,.487,.846,0.3,0.8,1.1,0.4,0.3,0.3,0.3,0.7,2.2,minotjo01
466,Rayan Rupert,20,SG,41,7.5,.390,.270,.451,.750,0.5,0.6,1.1,0.4,0.2,0.0,0.5,0.6,2.2,ruperra01
467,Hunter Tyson,24,PF,43,7.3,.380,.321,.487,.696,0.3,1.1,1.4,0.3,0.1,0.1,0.3,0.9,2.2,tysonhu01
468,Jaden Springer,22,SG,32,6.5,.388,.346,.480,.704,0.2,0.8,1.0,0.6,0.5,0.1,0.3,0.7,2.1,sprinja01
469,Patrick Baldwin Jr.,22,SF,22,4.6,.515,.524,.682,.500,0.2,0.8,1.0,0.1,0.1,0.1,0.2,0.2,2.1,baldwpa01
470,Chris Duarte,27,SG,17,4.4,.462,.400,.577,.750,0.3,0.9,1.2,0.5,0.0,0.0,0.1,0.4,2.1,duartch01
471,E.J. Liddell,24,PF,7,4.7,.500,.375,.650,1.000,0.1,0.6,0.7,0.4,0.1,0.1,0.3,1.1,2.1,liddeej01
472,Dwight Powell,33,C,42,9.0,.750,.500,.761,.629,0.9,1.3,2.2,0.9,0.3,0.5,0.3,1.3,2.1,poweldw01
473,Reece Beekman,23,PG,28,10.7,.314,.172,.350,.545,0.2,0.6,0.8,1.2,0.7,0.1,0.6,0.7,2.0,beekmre01
474,Jamaree Bouyea,25,PG,1,5.0,1.000,,1.000,,0.0,0.0,0.0,1.0,1.0,0.0,1.0,0.0,2.0,bouyeja01
475,Keion Brooks Jr.,24,SF,2,5.0,.500,.000,.500,.500,0.5,1.0,1.5,0.5,0.0,0.0,0.0,0.5,2.0,brookke02
476,Jalen Hood-Schifino,21,SG,2,7.0,1.000,,1.000,1.000,0.5,0.0,0.5,0.5,0.0,0.5,0.5,1.5,2.0,hoodsja01
477,Jack McVeigh,28,PF,7,4.0,.385,.400,.538,,0.1,0.4,0.6,0.1,0.0,0.1,0.1,0.1,2.0,mcveija01
478,Adama Sanogo,22,C,4,5.3,.571,,.571,,1.3,0.3,1.5,0.3,0.0,0.0,0.3,0.3,2.0,sanogad01
479,Jericho Sims,26,C,51,11.9,.652,,.652,.615,1.3,2.4,3.8,0.6,0.2,0.4,0.6,1.2,1.9,simsje01
480,Pete Nance,24,PF,8,8.8,.333,.333,.467,.500,0.3,1.0,1.3,0.4,0.1,0.0,0.0,1.3,1.9,nancepe01
481,Pacome Dadiet,19,SG,14,6.8,.333,.353,.444,.667,0.0,1.0,1.0,0.4,0.2,0.1,0.1,0.4,1.9,dadiepa01
482,Ariel Hukporti,22,C,25,8.7,.677,,.677,.462,0.6,1.5,2.0,0.4,0.0,0.6,0.8,1.3,1.9,hukpoar01
483,Jordan McLaughlin,28,PG,35,6.0,.408,.414,.531,.737,0.1,0.5,0.6,0.9,0.3,0.0,0.3,0.4,1.9,mclaujo01
484,Cam Christie,19,SG,6,5.2,.333,.250,.417,.500,0.2,0.8,1.0,0.3,0.3,0.0,0.3,0.3,1.8,chrisca02
485,Anthony Gill,32,PF,42,5.6,.510,.368,.582,.613,0.2,0.7,0.8,0.2,0.1,0.0,0.1,0.5,1.8,gillan01
486,Tyler Kolek,23,PG,30,5.1,.367,.367,.480,1.000,0.1,0.4,0.5,0.7,0.2,0.0,0.3,0.4,1.8,kolekty01
487,Leonard Miller,21,SF,10,2.7,.357,.000,.357,1.000,0.3,0.8,1.1,0.0,0.2,0.1,0.2,0.2,1.8,millele01
488,Enrique Freeman,24,PF,19,7.3,.480,.167,.500,.538,0.3,0.7,1.0,0.4,0.1,0.1,0.3,0.9,1.7,freemen01
489,Johnny Furphy,20,SG,40,6.8,.365,.306,.452,1.000,0.4,0.8,1.2,0.3,0.3,0.2,0.2,0.7,1.7,furphjo01
490,Keshad Johnson,23,SF,10,5.7,.583,.250,.625,.167,0.2,1.5,1.7,0.3,0.1,0.4,0.3,0.5,1.6,johnske10
491,Baylor Scheierman,24,SG,17,7.8,.257,.174,.314,.833,0.3,1.2,1.5,0.7,0.3,0.0,0.1,0.5,1.6,scheiba01
492,Armel Traoré,22,SF,9,7.4,.316,.000,.316,.286,0.2,1.4,1.7,0.1,0.4,0.2,0.3,0.7,1.6,armeltr01
493,Jordan Walsh,20,PF,42,8.1,.375,.302,.477,.583,0.5,0.8,1.3,0.4,0.2,0.2,0.3,0.6,1.6,walshjo01
494,Tony Bradley,27,C,4,2.3,1.000,,1.000,.000,0.5,0.5,1.0,0.3,0.0,0.3,0.0,0.0,1.5,bradlto01
495,Vlatko Čančar,27,PF,6,6.8,.571,.500,.643,,0.5,1.2,1.7,0.0,0.0,0.2,0.3,0.7,1.5,cancavl01
496,Jazian Gortman,21,PG,16,3.6,.391,.364,.478,.500,0.1,0.3,0.3,0.4,0.1,0.1,0.3,0.6,1.5,gortmja01
497,Quincy Olivari,23,PG,2,5.0,.200,.200,.300,,0.0,0.0,0.0,0.5,0.0,0.0,0.5,0.0,1.5,olivaqu01
498,Matt Ryan,27,SF,19,3.6,.323,.316,.419,1.000,0.0,0.4,0.4,0.2,0.1,0.0,0.2,0.1,1.5,ryanma01
499,Tristan Thompson,33,C,33,7.2,.434,.000,.434,.227,0.7,2.1,2.8,0.6,0.0,0.2,0.3,0.8,1.5,thomptr01
500,Alex Ducas,24,SG,17,4.5,.364,.438,.523,,0.3,0.6,0.9,0.1,0.1,0.0,0.2,0.4,1.4,ducasal01
501,Adam Flagler,25,SG,25,4.1,.228,.174,.298,,0.1,0.2,0.4,0.0,0.2,0.1,0.0,0.4,1.4,flaglad01
502,Bronny James,20,SG,18,4.2,.258,.200,.306,.667,0.1,0.4,0.4,0.4,0.2,0.1,0.3,0.3,1.4,jamesbr02
503,Alex Len,31,C,42,7.9,.500,.167,.510,.538,0.7,1.1,1.9,0.8,0.2,0.5,0.3,1.0,1.4,lenal01
504,Jaylen Martin,21,SF,6,3.0,.300,.667,.400,,0.2,0.7,0.8,0.0,0.0,0.0,0.0,0.2,1.3,martija02
505,Isaiah Crawford,23,SF,9,4.0,.556,.250,.611,.500,0.1,0.8,0.9,0.0,0.1,0.1,0.1,0.1,1.3,crawfis01
506,JD Davison,22,PG,9,4.3,.333,.333,.444,.800,0.0,0.3,0.3,0.3,0.2,0.0,0.7,0.1,1.3,davisjd01
507,David Duke Jr.,25,SG,4,4.5,.286,.000,.286,.500,0.0,0.8,0.8,0.8,0.0,0.0,0.3,0.3,1.3,dukeda01
508,Skal Labissière,28,PF,4,3.0,.500,1.000,.625,,0.3,0.5,0.8,0.3,0.0,0.0,0.0,0.3,1.3,labissk01
509,Bryce McGowens,22,SG,10,2.3,.500,.000,.500,.833,0.1,0.0,0.1,0.1,0.1,0.0,0.3,0.2,1.3,mcgowbr01
510,Yuki Kawamura,23,PG,20,3.2,.364,.250,.455,.667,0.0,0.4,0.4,0.7,0.1,0.0,0.2,0.4,1.2,kawamyu01
511,Sidy Cissoko,20,SF,20,3.0,.500,.429,.583,.167,0.2,0.4,0.6,0.3,0.1,0.0,0.2,0.4,1.1,cissosi01
512,PJ Hall,22,C,16,3.1,.467,.000,.467,.750,0.3,0.8,1.1,0.2,0.0,0.1,0.1,0.4,1.1,hallpj01
513,Chris Livingston,21,SF,15,4.7,.333,.000,.333,.625,0.5,1.1,1.5,0.1,0.3,0.0,0.3,0.3,1.1,livinch01
514,Colby Jones,22,SG,25,5.3,.423,.400,.500,,0.3,0.6,0.9,0.3,0.2,0.3,0.3,0.5,1.0,jonesco02
515,Trey Alexander,21,SG,20,4.3,.269,.200,.308,.750,0.0,0.5,0.5,0.4,0.1,0.1,0.2,0.4,1.0,alexatr01
516,Yuri Collins,23,PG,2,8.0,.333,,.333,,1.0,0.5,1.5,2.0,1.0,0.0,0.0,2.5,1.0,colliyu01
517,Garrett Temple,38,SG,20,5.3,.240,.273,.300,1.000,0.2,0.6,0.8,1.1,0.5,0.1,0.4,0.7,1.0,templga01
518,Xavier Tillman Sr.,26,C,29,7.1,.261,.185,.315,.500,0.3,1.0,1.3,0.2,0.3,0.2,0.4,0.6,1.0,tillmxa01
519,Emoni Bates,21,SF,7,3.9,.143,.182,.214,,0.0,0.0,0.0,0.6,0.1,0.0,0.0,0.3,0.9,batesem01
520,RayJ Dennis,23,PG,8,2.9,.200,.143,.250,1.000,0.3,0.5,0.8,0.6,0.4,0.0,0.5,0.4,0.9,dennira01
521,Luke Travers,23,SG,9,6.1,.273,.000,.273,1.000,0.6,0.8,1.3,0.6,0.1,0.1,0.6,0.4,0.9,travelu01
522,Maxwell Lewis,22,SF,13,3.9,.308,.500,.385,,0.2,0.5,0.8,0.2,0.1,0.0,0.2,0.2,0.8,lewisma05
523,Jalen Bridges,23,SF,5,5.0,.250,.250,.375,.500,0.0,0.6,0.6,0.0,0.0,0.0,0.8,0.0,0.8,bridgja01
524,D.J. Carton,24,SG,4,8.3,.143,.000,.143,1.000,0.0,1.0,1.0,0.8,0.5,0.0,1.0,0.3,0.8,cartodj01
525,Josh Christopher,23,SG,8,3.5,.286,.000,.286,.500,0.0,0.4,0.4,0.5,0.0,0.1,0.5,0.1,0.8,chrisjo01
526,PJ Dozier,28,SG,9,3.9,.667,.667,1.000,.167,0.1,0.4,0.6,0.6,0.1,0.0,0.1,0.3,0.8,doziepj01
527,Joe Ingles,37,SF,18,6.0,.300,.231,.375,,0.1,0.5,0.6,1.2,0.1,0.0,0.4,0.6,0.8,inglejo01
528,Ulrich Chomche,19,PF,7,4.6,.400,,.400,.500,0.6,0.6,1.1,0.3,0.0,0.1,0.3,0.7,0.7,chomcul01
529,James Johnson,37,PF,12,3.1,.364,.000,.364,.000,0.0,0.5,0.5,0.3,0.0,0.2,0.3,0.4,0.7,johnsja01
530,Liam Robbins,25,C,13,4.4,.250,.000,.250,.500,0.5,0.4,0.9,0.2,0.2,0.2,0.5,0.7,0.7,robbili01
531,Cui Yongxi,21,SG,5,2.0,.143,.000,.143,.500,0.0,0.4,0.4,0.0,0.0,0.0,0.0,0.0,0.6,cuiyo01
532,Stanley Umude,25,SG,20,3.3,.174,.154,.217,.500,0.2,0.6,0.8,0.2,0.2,0.2,0.1,0.3,0.6,umudest01
533,Tristen Newton,23,SG,8,2.0,.125,.000,.125,1.000,0.3,0.3,0.5,0.3,0.1,0.0,0.3,0.5,0.4,newtotr01
534,Spencer Jones,23,SF,14,2.9,.182,.143,.227,,0.1,0.4,0.5,0.1,0.3,0.1,0.1,0.4,0.4,jonessp01
535,Jacob Toppin,24,SF,16,3.1,.300,.000,.300,,0.1,0.6,0.7,0.3,0.1,0.0,0.1,0.2,0.4,toppija01
536,Malevy Leons,25,SF,6,3.5,.000,.000,.000,.500,0.2,0.3,0.5,0.2,0.0,0.0,0.2,0.7,0.3,leonsma01
537,Daishen Nix,22,PG,3,4.3,.000,.000,.000,.500,0.0,1.3,1.3,1.0,0.0,0.0,1.3,0.3,0.3,nixda01
538,Jesse Edwards,24,C,2,2.5,,,,,0.0,0.0,0.0,0.5,0.0,0.0,0.0,1.0,0.0,edwarje01
539,Harrison Ingram,22,SF,2,5.5,.000,.000,.000,,0.0,1.0,1.0,0.0,0.0,0.0,0.0,0.5,0.0,ingraha01
540,Daniss Jenkins,23,PG,5,2.0,.000,.000,.000,,0.0,0.0,0.0,0.0,0.0,0.0,0.2,0.4,0.0,jenkida01
541,Bobi Klintman,21,SF,6,2.8,.000,.000,.000,,0.0,0.7,0.7,0.2,0.0,0.2,0.2,0.3,0.0,klintbo01
542,Mac McClung,26,SG,1,5.0,,,,,0.0,1.0,1.0,2.0,0.0,0.0,0.0,0.0,0.0,mccluma01
543,Jalen McDaniels,27,SF,4,1.8,,,,,0.0,0.0,0.0,0.3,0.3,0.0,0.0,0.0,0.0,mcdanja01
544,Emanuel Miller,24,PF,1,2.0,,,,,0.0,0.0,0.0,0.0,0.0,0.0,0.0,0.0,0.0,milleem01
545,Justin Minaya,25,SF,7,2.7,.000,.000,.000,,0.3,0.1,0.4,0.3,0.1,0.0,0.0,0.4,0.0,minayju01
546,Riley Minix,24,SF,1,7.0,.000,.000,.000,,0.0,2.0,2.0,0.0,0.0,0.0,0.0,0.0,0.0,minixri01
547,Miles Norris,24,PF,1,4.0,,,,,0.0,2.0,2.0,0.0,0.0,0.0,0.0,0.0,0.0,norrimi01
548,Jahlil Okafor,29,C,1,3.0,,,,,0.0,1.0,1.0,1.0,0.0,0.0,0.0,0.0,0.0,okafoja01
549,Chuma Okeke,26,PF,1,2.0,,,,,0.0,1.0,1.0,0.0,0.0,0.0,0.0,0.0,0.0,okekech01
550,Zyon Pullin,23,SG,3,1.0,.000,,.000,,0.0,0.0,0.0,0.0,0.0,0.0,0.0,0.0,0.0,pullizy01
551,Cole Swider,25,SF,2,6.5,.000,.000,.000,,0.0,1.0,1.0,0.5,0.0,0.0,0.0,0.5,0.0,swideco01
552,Anton Watson,24,SF,1,4.0,.000,,.000,,0.0,0.0,0.0,1.0,0.0,0.0,1.0,0.0,0.0,watsoan02
553,Jahmir Young,24,PG,1,2.0,,,,,0.0,1.0,1.0,1.0,0.0,0.0,0.0,0.0,0.0,youngja05